Ala	156	ADcohorte	lightorange
Ile	186	ADcohorte	lightorange
Ile	86	ADcohorte	lightorange
Thr	158	ADcohorte	lightorange
Val	311	ADcohorteNew	brightorange
Arg	159	ADcohorteNew	brightorange
Glu	228	ADcohorteNew	brightorange
Val	121	ADcohorteNew	brightorange
Asn	64	ARcohorte	violetpurple
Pro	119	ARcohorte	violetpurple
Arg	161	ARcohorte	violetpurple
Gly	269	ARcohorte	violetpurple
Gly	327	ARcohorte	violetpurple
Leu	26	ARcohorte	violetpurple
Glu	76	ARcohorteNew	lightmagenta
Arg	161	ARcohorteNew	lightmagenta
Val	40	ARcohorteNew	lightmagenta
Phe	68	ARcohorteNew	lightmagenta
Asp	55	ARcohorteNew	lightmagenta
Gly	333	ARcohorteNew	lightmagenta
Thr	323	ARcohorteNew	lightmagenta
Trp	67	ARcohorteNew	lightmagenta
Met	151	ARcohorteNew	lightmagenta
Tyr	29	ARcohorteNew	lightmagenta
His	12	ARcohorteCommon	aquamarine
Arg	12	ARcohorteCommon	aquamarine
Cys	24	ARcohorteCommon	aquamarine
Ser	130	ARcohorteCommon	aquamarine
Asn	227	ADcohorteCommon	deepteal
Gln	122	ADcohorteCommon	deepteal
Leu	239	ADcohorteCommon	deepteal
Arg	282	ADcohorteCommon	deepteal
Tyr	279	ADcohorteCommon	deepteal
Pro	153	ADcohorteCommon	deepteal
Arg	120	ADcohorteCommon	deepteal
Met	116	ADcohorteCommon	deepteal
Met	133	ADcohorteCommon	deepteal
Arg	273	ADcohorteCommon	deepteal
His	256	ADcohorteCommon	deepteal
Glu	222	ADcohorteCommon	deepteal
Asn	297	ADcohorteCommon	deepteal