Ala	24	cat1	blue
Asp	12	cat1	blue
Asp	14	cat1	blue
Pro	11	cat1	blue
Pro	23	cat1	blue
Pro	27	cat1	blue
Gln	21	cat1	blue
Arg	22	cat1	blue
Val	21	cat1	blue
Trp	23	cat1	blue
Ala	156	cat1	blue
Ile	186	cat1	blue
Ile	86	cat1	blue
Thr	158	cat1	blue
Asn	64	cat1	blue
Pro	119	cat1	blue
Arg	161	cat1	blue
Gly	269	cat1	blue
Gly	327	cat1	blue
Leu	26	cat1	blue
Cys	24	cat2	green
Glu	22	cat2	green
His	12	cat2	green
His	25	cat2	green
Lys	3	cat2	green
Leu	23	cat2	green
Met	11	cat2	green
Met	13	cat2	green
Asn	22	cat2	green
Asn	29	cat2	green
Pro	15	cat2	green
Gln	12	cat2	green
Arg	12	cat2	green
Arg	27	cat2	green
Arg	28	cat2	green
Ser	13	cat2	green
Tyr	27	cat2	green
His	12	cat2	green
Arg	12	cat2	green
Cys	24	cat2	green
Leu	239	cat2	green
Arg	282	cat2	green
Tyr	279	cat2	green
Pro	153	cat2	green
Arg	120	cat2	green
Met	116	cat2	green
Met	133	cat2	green
Lys	39	cat2	green
Arg	273	cat2	green
His	256	cat2	green
Glu	222	cat2	green
Asn	297	cat2	green
Val	311	cat3	red
Arg	159	cat3	red
Glu	228	cat3	red
Val	121	cat3	red
Ser	130	cat3	red
Asn	227	cat3	red
Glu	76	cat3	red
Gln	122	cat3	red
Arg	161	cat3	red
Val	40	cat3	red
Phe	68	cat3	red
Asp	55	cat3	red
Gly	333	cat3	red
Thr	323	cat3	red
Trp	67	cat3	red
Met	151	cat3	red
Tyr	29	cat3	red
