Lys	39	ARnguyen	palegreen
Met	116	ARnguyen	palegreen
Arg	120	ARnguyen	palegreen
Gln	122	ARnguyen	palegreen
Asp	129	ARnguyen	palegreen
Met	133	ARnguyen	palegreen
Pro	153	ARnguyen	palegreen
Glu	222	ARnguyen	palegreen
Asn	227	ARnguyen	palegreen
Leu	239	ARnguyen	palegreen
His	256	ARnguyen	palegreen
Arg	273	ARnguyen	palegreen
Tyr	279	ARnguyen	palegreen
Arg	282	ARnguyen	palegreen
Asn	297	ARnguyen	palegreen
His	123	ADnguyen	green
Ser	130	ADnguyen	green
Cys	240	ADnguyen	green
Ala	156	ADcohorte	lightorange
Ile	186	ADcohorte	lightorange
Ile	86	ADcohorte	lightorange
Thr	158	ADcohorte	lightorange
Val	311	ADcohorteNew	brightorange
Arg	159	ADcohorteNew	brightorange
Glu	228	ADcohorteNew	brightorange
Val	121	ADcohorteNew	brightorange
Asn	64	ARcohorte	violetpurple
Pro	119	ARcohorte	violetpurple
Arg	161	ARcohorte	violetpurple
Gly	269	ARcohorte	violetpurple
Gly	327	ARcohorte	violetpurple
Leu	26	ARcohorte	violetpurple
Glu	76	ARcohorteNew	lightmagenta
Arg	161	ARcohorteNew	lightmagenta
Val	40	ARcohorteNew	lightmagenta
Phe	68	ARcohorteNew	lightmagenta
Asp	55	ARcohorteNew	lightmagenta
Gly	333	ARcohorteNew	lightmagenta
Thr	323	ARcohorteNew	lightmagenta
Trp	67	ARcohorteNew	lightmagenta
Met	151	ARcohorteNew	lightmagenta
Tyr	29	ARcohorteNew	lightmagenta
